File,Method,AllQDots_Peaks,AllQDots_Outliers,AllQDots_Avg_AUC,AllQDots_AUC_StDev,AllQDots_AUC_CV,AllQDots_Quality,AllQDots_k_eff,AllQDots_RSD,QD565_Peaks,QD565_Outliers,QD565_Avg_AUC,QD565_AUC_StDev,QD565_AUC_CV,QD565_Quality,QD565_k_eff,QD565_RSD,QD605_Peaks,QD605_Outliers,QD605_Avg_AUC,QD605_AUC_StDev,QD605_AUC_CV,QD605_Quality,QD605_k_eff,QD605_RSD,QD655_Peaks,QD655_Outliers,QD655_Avg_AUC,QD655_AUC_StDev,QD655_AUC_CV,QD655_Quality,QD655_k_eff,QD655_RSD
scan1.csv,adaptive_hampel,95,0,0.23295178261903354,0.394802290463375,1.6947811518104148,0.7,53.01189517057187,0.3584101254796742,3,2,0.1844952638467165,0.05355696985850368,0.2902891312321178,0.8,75.00599247855976,0.2533130936895621,40,0,3.2142504453131027,3.449522550094588,1.0731965690864413,0.7,26.99419001942781,0.7038551624007106,23,0,0.24907083870341462,0.216753685888043,0.8702491508696696,0.7,42.77555723733363,0.44417890092188417
scan2.csv,adaptive_hampel,86,1,0.5498164002039873,0.6823539378456507,1.2410578105572891,0.7,45.7831329037675,0.41499999661308645,12,1,0.1730808741111628,0.0875621227275668,0.5059029380180344,1.0,28.723794749597428,0.6614724887722675,45,0,9.439052276407773,8.059999546222416,0.8538992379953018,0.7,33.39587628009081,0.5689325185135803,19,1,0.9755771947122895,0.7102665186134114,0.7280474804691168,0.7,35.80338977308632,0.5306760091828635
scan3.csv,adaptive_hampel,86,0,0.5163520807788283,0.7777910303950497,1.506319155762645,0.7,52.32150180466458,0.3631394234617728,14,0,0.1632109447307273,0.10556917524010109,0.646826567999308,0.7,30.101418893983794,0.6311994815565796,42,0,7.532351074238621,6.7550512194851935,0.896805147942205,0.7,31.8881901547813,0.5958318709144786,20,1,0.61341342353374,0.6067955374072046,0.9892113770702781,0.7,42.41967089416261,0.44790540802179113
scan4.csv,adaptive_hampel,80,1,0.28402589458397187,0.4168661928057942,1.4677048845014666,0.7,59.596590215963616,0.31881018580339243,14,0,0.0544626807728247,0.02365272044683847,0.4342922550121788,0.7,63.70615938005557,0.2982443171099138,32,1,6.2641739532023,7.161839287767274,1.1433014697981176,0.7,36.72017771514231,0.5174266896906918,36,0,0.32163934329475447,0.39322371338968515,1.222560988222544,0.7,44.03267718402502,0.4314977243058291
scan5.csv,adaptive_hampel,95,0,0.2694564709390847,0.4210610924301456,1.5626312144692704,0.7,61.32386064655227,0.3098304607648379,17,0,0.0634474776533511,0.04548814657189535,0.7169417643428226,0.7,40.64791957892869,0.4674285965141825,53,0,3.879057324099128,3.75478745006433,0.9679638985320594,0.7,33.559402122410866,0.5661602650337998,35,0,0.3240993139803112,0.2778085290026863,0.8571709874694858,0.7,45.57352492911372,0.4169087212269209
scan6.csv,adaptive_hampel,89,0,0.2583162453716189,0.44907478906590603,1.7384690166112398,0.7,52.31766103624712,0.36316608242169457,11,0,0.3205200305796767,0.3032115419504082,0.9459987302573096,0.7,26.886396552851405,0.7066770722752349,39,0,4.635014795084024,5.9475786568039455,1.283184395249838,0.7,32.76231111792212,0.5799346673564291,29,0,0.42188831967553514,0.3987621309338799,0.9451840981057711,0.7,45.18331204757889,0.4205092353564661
scan7.csv,adaptive_hampel,89,0,0.390561387111174,0.5463481384681607,1.3988790405249192,0.7,48.85110183741485,0.3889369796250528,11,1,0.08359907262500527,0.08493298785654137,1.0159561008232658,0.7,36.48333808968997,0.5207856790212219,39,0,6.642976156454224,5.698726890981608,0.8578574959124012,0.7,34.594687426624475,0.5492172762161562,34,0,0.4804565245680771,0.471824134289664,0.982032941927111,0.7,33.5374320883241,0.5665311509229939
scan8.csv,adaptive_hampel,87,0,0.2262508692578711,0.22811358492362352,1.0082329657864402,1.0,58.79467249521072,0.32315853109901577,9,0,0.08955079151029068,0.08322142355419933,0.9293209155458552,0.7,42.72523717814744,0.4447020368963072,41,0,4.848847022475432,3.906116865117301,0.8055764281718153,0.7,30.99345330496779,0.6130326883243624,30,0,0.42277770371827167,0.2979908604728557,0.7048405293185217,0.7,41.729966729156075,0.45530829495545694
scan9.csv,adaptive_hampel,89,0,0.26069502519411164,0.7155979688157899,2.744962119177229,0.7,68.23537278144343,0.2784479548584959,10,0,0.05376000731344694,0.041856790983892556,0.7785860358955523,1.0,40.495349983593364,0.46918967258457633,26,1,4.716538342282143,4.3406134168798145,0.92029643392649,0.7,33.18836430834837,0.5724897986376702,3,2,1.123219124801901,0.26415364076233727,0.2351755191213694,0.8,43.54905883268873,0.4362895665092594
scan10.csv,adaptive_hampel,93,0,0.22276024538670045,0.5198998852275625,2.3338988710711948,0.7,56.86037772971681,0.33415184278788346,14,0,0.08442607491675913,0.09905435245320347,1.1732672939120676,0.7,40.30927081508166,0.4713555868366434,46,0,3.8943651380629913,3.045979173164913,0.7821503801464146,0.7,35.901310715190704,0.5292285886364768,28,0,0.268423272578888,0.245560917867885,0.9148272260771134,0.7,40.594986136652544,0.46803809554316395
scan11.csv,adaptive_hampel,103,1,0.3488267538489325,0.518403184898519,1.4861336728862988,0.7,59.12523104546429,0.3213518097779604,7,1,0.12319772903383652,0.11120181910260361,0.9026288063480602,0.7,44.77808054337306,0.4243147488556632,22,1,7.627597962615978,5.75976545732754,0.7551217939850828,1.0,36.54883656346095,0.5198523889265168,29,1,0.49185517158166325,0.2921732803004318,0.5940229912819408,0.7,38.390736318143915,0.4949110598595208
scan12.csv,adaptive_hampel,92,0,0.3461701775735081,0.7017619253047819,2.0272165852755037,0.7,52.59154527618255,0.36127479997444845,10,1,0.10570539447827516,0.06727495824720037,0.636438268635636,0.7,45.021533200609674,0.42202027894826794,28,1,4.741601093808642,3.8104947468011825,0.8036303922269518,0.7,33.71206790760235,0.5635963967584243,32,0,0.26109151316186413,0.2605378606889434,0.9978794696686388,0.7,45.4996897537126,0.41758526492918935
scan13.csv,adaptive_hampel,89,0,0.2552654022542591,0.2777053966197933,1.0879084833564037,0.7,60.35153919304605,0.3148221280525229,11,1,0.07820177462460473,0.05290166370425581,0.6764765116674384,0.7,56.22236109136346,0.3379438293088453,51,0,2.476953181902503,2.2039744900787785,0.8897925508571566,0.7,30.673285251575233,0.6194315295595619,30,0,0.33034267111163096,0.2554563535674826,0.7733071622501883,0.7,41.73734072517922,0.4552278528022682
scan14.csv,adaptive_hampel,99,0,0.3817733516886369,0.4491296323181739,1.1764300214554282,0.7,55.37415026214974,0.34312038938838935,13,0,0.042769921691001724,0.04598431398234955,1.0751554401845933,0.7,77.33089210842404,0.24569741124104055,57,0,4.075780637663112,3.9860737074986834,0.9779902457616407,0.7,35.79361858520282,0.5308208767652972,0,1,0.0,0.0,0.0,0.49999999999999994,57.6353995294414,0.3296585111775688
scan15.csv,adaptive_hampel,92,0,0.4418477919155969,1.1811837132875578,2.6732819194741864,0.7,51.187411437439756,0.37118501339379945,17,0,0.10361183002665843,0.16627259612384276,1.604764591852709,0.7,27.511580772304686,0.6906182584436183,46,0,4.589397070285355,7.614913618370164,1.6592405280584472,0.7,39.21515764585209,0.48450653116294917,21,1,0.5067481343018414,0.6602096233748016,1.3028358245154423,0.7,50.022719041873465,0.37982741370166845
scan16.csv,adaptive_hampel,93,0,0.33249162363836104,0.6534339081097142,1.965264270297619,0.7,64.27425312777468,0.29560825797895696,15,0,0.06670266579214666,0.04768465257670857,0.7148837607975002,1.0,40.78873281402138,0.4658149123345316,40,0,4.350244889939327,4.004220920762417,0.920458737857,0.7,34.53097036471678,0.5502307001315524,1,1,1.0825330164687077,0.0,0.0,0.49999999999999994,58.3312162137016,0.3257261074480568
scan17.csv,adaptive_hampel,87,0,0.2430635502058154,0.3256144283969193,1.339626727747552,0.7,56.37249423526778,0.33704380580898996,11,0,0.06712779058941055,0.03073335745831463,0.45783359154923287,0.7,36.443923188186396,0.5213489201447722,48,0,3.8039362196844984,3.523835550339361,0.9263655715635607,0.7,35.708991496899905,0.5320788743543624,32,0,0.24236852707566117,0.22035750178016766,0.9091836487143307,0.7,48.8204530805195,0.3891811484965805
scan18.csv,adaptive_hampel,97,0,0.318639448319879,0.6278986247150483,1.9705614857979137,0.7,58.32810466527014,0.32574348350655435,16,0,0.11939716862456555,0.11437216283140633,0.9579135263336107,0.7,30.312990256551824,0.6267939863139486,29,1,4.264446767663674,2.5382784901765882,0.5952187067789835,1.0,38.74809674521489,0.49034666463576343,16,1,0.5165921740318533,0.2933326550263635,0.5678224908770617,0.7,45.674206311125516,0.4159897135502473
scan19.csv,adaptive_hampel,94,1,0.4345364532236523,0.7964589619981892,1.8328933190520116,0.7,49.29301284069154,0.3854501663634453,11,0,0.0808035639673774,0.05912632731855941,0.7317292012321427,0.7,41.46097994990486,0.45826220274959034,27,1,10.735601470182887,9.559888842340872,0.8904846988678328,0.7,31.013386950588977,0.6126386656920478,35,0,0.37311564061416647,0.292562001920194,0.7841054356194308,0.7,41.714966666634794,0.4554720168384293
scan20.csv,adaptive_hampel,89,0,0.3221981561312616,0.7919718854226316,2.458027367170863,0.7,47.695365479017006,0.39836155586980077,9,1,0.20284610332611797,0.22782964914435097,1.1231650271243647,0.7,33.38323880462348,0.5691478921861997,39,0,5.466780179816911,5.884991617873225,1.0765005038249629,0.7,27.874026911711578,0.6816381450796742,7,3,1.3866508113458536,0.6781371582551506,0.48904681171820413,0.8,43.48432606081209,0.43693904726564753
scan21.csv,adaptive_hampel,98,0,0.25298998895289093,0.5063308878712046,2.001387050795469,0.7,63.61468782050767,0.2986731626131616,1,2,0.2475836831585203,0.0,0.0,0.49999999999999994,36.92217205707969,0.5145959444267532,36,1,4.324305539725417,3.640948083065942,0.8419729016875004,0.7,29.955245853175526,0.6342795546772596,30,0,0.29425133324834224,0.26419394735538604,0.8978513179153945,0.7,42.70976350268525,0.44486315169610885
scan22.csv,adaptive_hampel,91,0,0.20856720682317728,0.5319626656875104,2.5505575578739323,0.7,55.352006974573506,0.34325765294703475,8,0,0.06636776884923722,0.07055473721019836,1.063087375597519,0.7,110.07812015100839,0.17260469177648785,23,1,5.137115857768963,4.197157929314294,0.8170261379187794,0.7,32.63799104079244,0.582143673495496,29,0,0.3473776435542442,0.3007816221540643,0.8658634996673187,0.7,39.14426357168593,0.4853840196841306
scan23.csv,adaptive_hampel,100,0,0.23154217949634948,0.44732701385612983,1.9319461137886649,0.7,55.08854378509402,0.3448992965601146,11,0,0.04969941260087204,0.06813902369125985,1.3710227168774278,0.7,74.58649844966693,0.25473779296425525,38,1,3.7498842198945757,3.5453769076843384,0.9454630329317243,0.7,31.3398142719736,0.6062575813345268,32,0,0.2883209673577678,0.22438100540273123,0.7782333954377463,0.7,46.149757657762876,0.4117031370110348
scan24.csv,adaptive_hampel,94,0,0.30572597684423475,0.5643443117014282,1.8459154747879265,0.7,65.93336676041821,0.2881697224569195,3,1,0.1766009929786141,0.14460341904666596,0.8188143034064199,0.49999999999999994,30.502546388939432,0.6228988149949872,39,0,4.452037567689017,3.862943323981208,0.8676798578737962,0.7,34.05415764438278,0.5579348107332804,33,0,0.3049784119543834,0.2687804292871101,0.8813096886585942,0.7,52.546562080076114,0.3615840741597091
